국내여행,울릉도 여행사,울릉도 카페,울릉도 숙박,울릉도 맛집,울릉도 관광명소,울릉도 육로A코스,울릉도 육로B코스,울릉도 투어,국내 프리다이빙
"('국내', 321)","('울릉도', 647)","('울릉도', 413)","('울릉도', 375)","('울릉도', 385)","('울릉도', 511)","('울릉도', 406)","('울릉도', 415)","('울릉도', 358)","('프리다이빙', 339)"
"('추천', 92)","('날씨', 153)","('카페', 393)","('숙박', 308)","('맛집', 363)","('관광', 150)","('코스', 312)","('육로', 309)","('투어', 315)","('국내', 96)"
"('곳', 72)","('주', 88)","('울', 151)","('펜션', 100)","('식당', 120)","('관광명소', 142)","('육로', 307)","('코스', 285)","('독도', 78)","('자격증', 50)"
"('여름', 55)","('현지', 68)","('맛집', 71)","('리조트', 98)","('도동', 72)","('관광지', 43)","('관광', 243)","('관광', 241)","('프리다이빙', 62)","('후기', 47)"
"('제주도', 39)","('출발', 52)","('곳', 51)","('숙소', 87)","('횟집', 54)","('추천', 40)","('박', 95)","('박', 98)","('다이빙', 55)","('교육', 47)"
"('전국', 20)","('박', 44)","('커피', 46)","('추천', 74)","('신비', 47)","('봉래폭포', 37)","('독도', 88)","('봉래폭포', 96)","('후기', 50)","('다이빙', 38)"
"('데이트', 20)","('독도', 41)","('추천', 42)","('대아', 62)","('섬', 47)","('코스', 33)","('섬', 74)","('전망대', 95)","('박', 38)","('강습', 33)"
"('코스', 19)","('부산', 36)","('뷰', 37)","('호텔', 46)","('물회', 42)","('독도', 33)","('일주', 69)","('독도', 82)","('스쿠버다이빙', 35)","('서울', 29)"
"('박', 18)","('패키지', 32)","('코스모스', 31)","('후기', 32)","('독도', 39)","('섬', 28)","('패키지', 67)","('패키지', 61)","('전망대', 33)","('추천', 29)"
"('동해', 17)","('전', 28)","('후기', 27)","('뷰', 31)","('초밥', 36)","('태', 28)","('나리분지', 62)","('수전', 53)","('스탬프', 32)","('다이브', 25)"
"('통영', 17)","('위', 28)","('울릉', 25)","('케렌', 21)","('추천', 36)","('명소', 26)","('날', 50)","('섬', 51)","('버스', 31)","('부산', 24)"
"('울릉도', 16)","('전문', 24)","('국화', 25)","('시아', 21)","('후기', 32)","('전망대', 26)","('투어', 50)","('일출', 43)","('국내', 29)","('해양', 23)"
"('당진', 16)","('통해', 20)","('리조트', 24)","('도동', 20)","('저동항', 32)","('웰컴', 23)","('버스', 39)","('날', 39)","('패스', 27)","('풀', 23)"
"('경남', 16)","('미리보기', 20)","('아이스크림', 22)","('항', 20)","('금수산', 31)","('신비', 19)","('호텔', 26)","('버스', 38)","('섬', 27)","('용인', 23)"
"('공원', 16)","('정보', 19)","('독도', 21)","('울릉', 20)","('오징어', 28)","('산책로', 18)","('동해', 24)","('일주', 38)","('케이블카', 24)","('광주', 22)"
"('꿀팁', 15)","('마지막', 19)","('식당', 18)","('오션', 19)","('이사부', 28)","('정보', 17)","('관음도', 23)","('촛대', 36)","('부산', 24)","('고고', 20)"
"('가족', 15)","('승', 18)","('오션', 18)","('렌트카', 19)","('돈', 27)","('대표', 17)","('도동', 21)","('바위', 36)","('관광', 22)","('및', 19)"
"('아이', 15)","('포항', 18)","('새우', 18)","('바다', 18)","('산', 27)","('도동', 15)","('통', 20)","('투어', 36)","('편', 22)","('브랜드', 19)"
"('펜션', 14)","('하나투어', 18)","('먹물', 17)","('해', 18)","('울릉', 26)","('등대', 14)","('구미', 20)","('관음도', 25)","('유람선', 21)","('딥', 19)"
"('호텔', 14)","('국내', 17)","('글림', 16)","('풍경', 18)","('새우', 25)","('투', 14)","('식당', 19)","('울릉', 21)","('드랍', 21)","('스테이션', 19)"
"('강습', 14)","('익산', 16)","('기념품', 16)","('민박', 18)","('따개비', 25)","('하향', 14)","('전망대', 18)","('소개', 17)","('더', 21)","('방법', 19)"
"('캠핑', 14)","('광주', 16)","('만', 15)","('산', 17)","('항', 25)","('목', 14)","('후기', 17)","('뉴', 16)","('번', 21)","('슈트', 18)"
"('준비물', 14)","('추천', 16)","('명가', 15)","('관광', 16)","('밥', 24)","('모노레일', 14)","('케이블카', 17)","('동해', 16)","('코스', 20)","('장소', 18)"
"('전라도', 13)","('주말', 15)","('나리분지', 14)","('정보', 16)","('회', 22)","('나리분지', 13)","('림', 17)","('기록', 16)","('해안', 17)","('포인트', 18)"
"('밭', 13)","('전하', 13)","('빵', 14)","('게스트하우스', 16)","('꽁치', 22)","('행', 13)","('뉴', 16)","('강릉항', 15)","('스쿠버', 17)","('갈남항', 18)"
"('섬', 13)","('분', 12)","('미당', 13)","('박', 16)","('태양', 22)","('남해안', 13)","('울릉', 15)","('저동', 14)","('태', 17)","('수중', 18)"
"('삼척', 13)","('연휴', 12)","('섬', 12)","('차', 15)","('카페', 19)","('향목', 13)","('사동', 15)","('둘째', 14)","('울릉', 16)","('최초', 17)"
"('숙소', 12)","('보기', 10)","('바다', 12)","('일출명소', 15)","('여기', 18)","('투어', 12)","('일출', 14)","('돌기', 14)","('택시', 15)","('투어', 16)"
"('제주', 12)","('사시', 9)","('호박', 12)","('근처', 15)","('편', 16)","('박', 11)","('및', 14)","('삼선', 14)","('패키지', 15)","('울산', 15)"
"('리조트', 12)","('선택', 9)","('중', 12)","('할인', 14)","('투어', 16)","('폭포', 10)","('포함', 14)","('암', 14)","('관광지', 15)","('수영복', 14)"
"('외', 12)","('비지', 9)","('밥', 11)","('요금', 14)","('호떡', 15)","('관음도', 10)","('편', 13)","('호텔', 14)","('삼선', 15)","('경기', 13)"
"('드라이브', 12)","('떡', 9)","('숙소', 11)","('크루즈', 14)","('비빔밥', 15)","('북면', 10)","('전', 13)","('출발', 13)","('포항', 15)","('동호회', 13)"
"('남해', 12)","('가격', 9)","('처', 11)","('라페루즈', 13)","('가면', 14)","('겨울', 10)","('오늘', 13)","('식당', 13)","('일출', 14)","('더블케이', 12)"
"('마을', 12)","('비용', 9)","('메뉴', 11)","('코스모스', 13)","('칼국수', 14)","('신령', 9)","('태', 13)","('나리분지', 13)","('일주', 14)","('정리', 12)"
"('휴가', 12)","('직원', 9)","('관음도', 11)","('섬앤썸', 13)","('바위', 14)","('수', 9)","('소개', 12)","('신비', 13)","('바위', 14)","('울릉도', 12)"
"('에이', 11)","('직접', 9)","('바위', 11)","('신축', 13)","('일몰', 14)","('메밀', 9)","('저동', 12)","('편', 11)","('대강', 12)","('센터', 12)"
"('호캉스', 11)","('후기', 9)","('투어', 10)","('추산', 13)","('저동', 14)","('밭', 9)","('바퀴', 11)","('법', 10)","('추', 12)","('전문', 11)"
"('비치', 10)","('크루즈', 9)","('라떼', 10)","('배편', 12)","('꼭', 13)","('보너스', 9)","('신비', 11)","('도배', 9)","('광주', 12)","('촬영', 11)"
"('혼자', 10)","('제휴', 9)","('족욕', 9)","('풀', 12)","('홍합', 13)","('항', 9)","('삼선', 11)","('정보', 9)","('바다', 12)","('아이', 11)"
"('군산', 10)","('수원', 9)","('식사', 9)","('빌라', 12)","('무조건', 12)","('해안', 9)","('암', 11)","('문방구', 9)","('신비', 12)","('레벨', 11)"
"('할인', 10)","('용인', 9)","('성인봉', 9)","('장소', 12)","('올레', 12)","('생태', 9)","('남양', 11)","('후포', 8)","('준비', 11)","('대회', 11)"
"('부산', 10)","('올리브', 9)","('등산', 9)","('리얼', 11)","('크루즈', 12)","('길', 9)","('성불사', 10)","('식사', 8)","('곳', 11)","('입문', 11)"
"('독도', 9)","('투어', 9)","('다섯', 9)","('푸른', 10)","('미당', 12)","('민박', 9)","('바위', 10)","('경유', 8)","('관음도', 10)","('고양', 10)"
"('학원', 9)","('지사', 9)","('군데', 9)","('언덕', 10)","('전주', 12)","('버스', 9)","('코스모스', 9)","('후기', 8)","('울산', 10)","('포항', 10)"
"('관광', 9)","('오픈', 9)","('화답', 9)","('동해', 9)","('및', 11)","('도보', 9)","('도배', 9)","('멀미', 8)","('이야기', 10)","('준비물', 10)"
"('농원', 9)","('가세', 9)","('올레', 9)","('오름', 9)","('특산', 11)","('스탬', 9)","('정보', 9)","('도동', 7)","('맛집', 10)","('시작', 10)"
"('고창', 9)","('강릉항', 9)","('펜션', 9)","('국적', 9)","('물', 11)","('프투', 9)","('구', 9)","('만원', 7)","('것', 9)","('선두', 9)"
"('청보리', 9)","('묵호항', 9)","('패킹', 9)","('채', 9)","('집', 11)","('행복', 9)","('위드유', 9)","('행복', 7)","('길', 9)","('주자', 9)"
"('울산', 9)","('후포항', 9)","('게스트하우스', 9)","('수전', 9)","('광', 11)","('멀리', 9)","('해안', 9)","('불고기', 7)","('산책', 9)","('한국', 9)"
"('울주', 9)","('매일', 9)","('따개비', 9)","('몽돌', 9)","('곳', 11)","('울', 9)","('도로', 9)","('상품', 7)","('전후', 9)","('갈라파고스', 9)"
